{
  "project_info": {
    "project_number": "63786960379",
    "project_id": "essential-items-reminder",
    "storage_bucket": "essential-items-reminder.appspot.com"
  },
  "client": [
    {
      "client_info": {
        "mobilesdk_app_id": "1:63786960379:android:5f657f08ac6c65d777f75e",
        "android_client_info": {
          "package_name": "com.example.essentialitem_firebase"
        }
      },
      "oauth_client": [
        {
          "client_id": "63786960379-2i1dihl1l57d4pvpo0t8kcmjuj17bdsa.apps.googleusercontent.com",
          "client_type": 3
        }
      ],
      "api_key": [
        {
          "current_key": "AIzaSyDZ6A2QUN-tl6prf59kP6f5Duhusd1M2Xg"
        }
      ],
      "services": {
        "appinvite_service": {
          "other_platform_oauth_client": [
            {
              "client_id": "63786960379-2i1dihl1l57d4pvpo0t8kcmjuj17bdsa.apps.googleusercontent.com",
              "client_type": 3
            }
          ]
        }
      }
    },
    {
      "client_info": {
        "mobilesdk_app_id": "1:63786960379:android:3236984bdad3c10377f75e",
        "android_client_info": {
          "package_name": "com.prasadthegreat.reminderapp"
        }
      },
      "oauth_client": [
        {
          "client_id": "63786960379-2i1dihl1l57d4pvpo0t8kcmjuj17bdsa.apps.googleusercontent.com",
          "client_type": 3
        }
      ],
      "api_key": [
        {
          "current_key": "AIzaSyDZ6A2QUN-tl6prf59kP6f5Duhusd1M2Xg"
        }
      ],
      "services": {
        "appinvite_service": {
          "other_platform_oauth_client": [
            {
              "client_id": "63786960379-2i1dihl1l57d4pvpo0t8kcmjuj17bdsa.apps.googleusercontent.com",
              "client_type": 3
            }
          ]
        }
      }
    }
  ],
  "configuration_version": "1"
}